sample_number,time_seconds,raw_adc,temperature_c,unit,status,source
1,0.0,592,18.0,C,OK,VELXIO
2,1.0,592,18.0,C,OK,VELXIO
3,2.0,592,18.0,C,OK,VELXIO
4,3.0,592,18.0,C,OK,VELXIO
5,4.1,581,19.0,C,OK,VELXIO
6,5.1,512,25.0,C,SUSPICIOUS_CHANGE,VELXIO
7,6.1,512,25.0,C,OK,VELXIO
8,7.1,512,25.0,C,OK,VELXIO
9,8.1,512,25.0,C,OK,VELXIO
10,9.1,445,31.0,C,SUSPICIOUS_TEMP,VELXIO
11,10.1,403,35.0,C,SUSPICIOUS_TEMP,VELXIO
12,11.1,403,35.0,C,SUSPICIOUS_TEMP,VELXIO
13,12.1,403,35.0,C,SUSPICIOUS_TEMP,VELXIO
14,13.1,403,35.0,C,SUSPICIOUS_TEMP,VELXIO
15,14.1,403,35.0,C,SUSPICIOUS_TEMP,VELXIO
16,15.1,318,44.1,C,SUSPICIOUS_TEMP,VELXIO
17,16.1,318,44.1,C,SUSPICIOUS_TEMP,VELXIO
18,17.1,203,60.1,C,INVALID_OUT_OF_RANGE,VELXIO
19,18.1,203,60.1,C,INVALID_OUT_OF_RANGE,VELXIO
20,19.1,140,73.1,C,INVALID_OUT_OF_RANGE,VELXIO
21,20.1,262,51.1,C,INVALID_OUT_OF_RANGE,VELXIO
22,21.1,413,34.0,C,SUSPICIOUS_TEMP,VELXIO
23,22.1,467,29.0,C,SUSPICIOUS_CHANGE,VELXIO
24,23.1,592,18.0,C,SUSPICIOUS_CHANGE,VELXIO
25,24.1,706,8.0,C,SUSPICIOUS_TEMP,VELXIO
26,25.1,749,4.0,C,SUSPICIOUS_TEMP,VELXIO
27,26.1,901,-14.1,C,INVALID_OUT_OF_RANGE,VELXIO
28,27.1,901,-14.1,C,INVALID_OUT_OF_RANGE,VELXIO
29,28.1,779,1.0,C,SUSPICIOUS_TEMP,VELXIO
30,29.1,706,8.0,C,SUSPICIOUS_TEMP,VELXIO
31,30.1,673,11.0,C,SUSPICIOUS_TEMP,VELXIO
32,31.1,673,11.0,C,SUSPICIOUS_TEMP,VELXIO
33,32.1,604,17.0,C,SUSPICIOUS_TEMP,VELXIO
34,33.1,604,17.0,C,SUSPICIOUS_TEMP,VELXIO
35,34.1,604,17.0,C,SUSPICIOUS_TEMP,VELXIO
36,35.1,604,17.0,C,SUSPICIOUS_TEMP,VELXIO
37,36.1,604,17.0,C,SUSPICIOUS_TEMP,VELXIO
38,37.1,604,17.0,C,SUSPICIOUS_TEMP,VELXIO
39,38.1,604,17.0,C,SUSPICIOUS_TEMP,VELXIO
40,39.1,592,18.0,C,OK,VELXIO
41,40.1,592,18.0,C,OK,VELXIO
42,41.1,557,21.0,C,SUSPICIOUS_CHANGE,VELXIO
43,42.1,557,21.0,C,OK,VELXIO
44,43.1,557,21.0,C,OK,VELXIO
45,44.1,557,21.0,C,OK,VELXIO
46,45.1,557,21.0,C,OK,VELXIO
47,46.1,534,23.0,C,OK,VELXIO
48,47.1,424,33.0,C,SUSPICIOUS_TEMP,VELXIO
49,48.1,424,33.0,C,SUSPICIOUS_TEMP,VELXIO
50,49.1,523,24.0,C,SUSPICIOUS_CHANGE,VELXIO
51,50.1,650,13.0,C,SUSPICIOUS_TEMP,VELXIO
52,51.1,650,13.0,C,SUSPICIOUS_TEMP,VELXIO
53,52.1,650,13.0,C,SUSPICIOUS_TEMP,VELXIO
54,53.1,546,22.0,C,SUSPICIOUS_CHANGE,VELXIO
55,54.1,546,22.0,C,OK,VELXIO
56,55.1,546,22.0,C,OK,VELXIO
57,56.1,546,22.0,C,OK,VELXIO
58,57.1,546,22.0,C,OK,VELXIO
59,58.1,255,52.1,C,INVALID_OUT_OF_RANGE,VELXIO
60,59.1,255,52.1,C,INVALID_OUT_OF_RANGE,VELXIO
61,60.1,255,52.1,C,INVALID_OUT_OF_RANGE,VELXIO
62,61.1,255,52.1,C,INVALID_OUT_OF_RANGE,VELXIO
63,62.1,255,52.1,C,INVALID_OUT_OF_RANGE,VELXIO
64,63.1,255,52.1,C,INVALID_OUT_OF_RANGE,VELXIO
65,64.1,255,52.1,C,INVALID_OUT_OF_RANGE,VELXIO
66,65.1,456,30.0,C,SUSPICIOUS_CHANGE,VELXIO
67,66.1,456,30.0,C,OK,VELXIO
68,67.1,604,17.0,C,SUSPICIOUS_TEMP,VELXIO
69,68.1,604,17.0,C,SUSPICIOUS_TEMP,VELXIO
70,69.1,604,17.0,C,SUSPICIOUS_TEMP,VELXIO
71,70.1,604,17.0,C,SUSPICIOUS_TEMP,VELXIO
72,71.1,557,21.0,C,SUSPICIOUS_CHANGE,VELXIO
73,72.2,489,27.0,C,SUSPICIOUS_CHANGE,VELXIO
74,73.2,489,27.0,C,OK,VELXIO
75,74.2,489,27.0,C,OK,VELXIO
76,75.2,673,11.0,C,SUSPICIOUS_TEMP,VELXIO
77,76.2,592,18.0,C,SUSPICIOUS_CHANGE,VELXIO
78,77.2,569,20.0,C,OK,VELXIO
79,78.2,569,20.0,C,OK,VELXIO
80,79.2,569,20.0,C,OK,VELXIO
81,80.2,569,20.0,C,OK,VELXIO
82,81.2,569,20.0,C,OK,VELXIO
83,82.2,393,36.0,C,SUSPICIOUS_TEMP,VELXIO
84,83.2,310,45.0,C,SUSPICIOUS_TEMP,VELXIO
85,84.2,592,18.0,C,SUSPICIOUS_CHANGE,VELXIO
86,85.2,807,-2.0,C,INVALID_OUT_OF_RANGE,VELXIO
87,86.2,673,11.0,C,SUSPICIOUS_TEMP,VELXIO
88,87.2,364,39.0,C,SUSPICIOUS_TEMP,VELXIO
89,88.2,285,48.1,C,SUSPICIOUS_TEMP,VELXIO
90,89.2,639,14.0,C,SUSPICIOUS_TEMP,VELXIO
91,90.2,807,-2.0,C,INVALID_OUT_OF_RANGE,VELXIO
92,91.2,888,-12.1,C,INVALID_OUT_OF_RANGE,VELXIO
93,92.2,935,-20.1,C,INVALID_OUT_OF_RANGE,VELXIO
94,93.2,639,14.0,C,SUSPICIOUS_TEMP,VELXIO
95,94.2,424,33.0,C,SUSPICIOUS_TEMP,VELXIO
96,95.2,627,15.0,C,SUSPICIOUS_TEMP,VELXIO
97,96.2,512,25.0,C,SUSPICIOUS_CHANGE,VELXIO
98,97.2,512,25.0,C,OK,VELXIO
99,98.2,512,25.0,C,OK,VELXIO
100,99.2,512,25.0,C,OK,VELXIO
101,100.2,684,10.0,C,SUSPICIOUS_TEMP,VELXIO
102,101.2,,,C,MISSING,SIMULATED_FAILURE
